Id,MW,LogP,LogD,pKa,TPSA,HBD,CNS_MPO
telmisartan,514.6290000000002,7.2644200000000065,3.4453541203366824,3.581,72.94,1,3.0273229398316586
ibuprofen,206.28499999999997,3.0732000000000017,0.03879859424662824,4.366,37.3,1,5.578399999999999
sulfasalazine,398.40000000000015,3.7016000000000013,-0.983408969739417,2.715,141.31,3,3.4071999999999987
risperidone,410.4930000000002,3.5904200000000026,3.5720724433811784,8.765,64.16,0,3.983788778309408
paroxetine,329.37100000000004,3.326500000000002,3.321817894928189,9.365,39.72,1,4.229341052535904
methylophenidate,233.311,2.0853,2.0415741780921186,8.375,38.33,1,5.458212910953941
